id,candidato,temas_tratados,descripcion,entrevista
PG1,Pedro Granja,"Seguridad y crimen organizado, Educación y salud, Desarrollo regional, Políticas sociales","Entrevista centrada en temas clave como Seguridad y crimen organizado, Educación y salud, Desarrollo regional, Políticas sociales, abordando propuestas específicas de políticas públicas y reformas.","[00:00] [Música] el invitado de hoy en el especial elecciones 2025 los presidenciables es Pedro granja quien conforme El Binomio del partido socialista ecuatoriano con Verónica Silva además de jurista Y
[00:13] criminólogo fue secretario de la Federación de Abogados del Ecuador durante el correísmo y figura como docente universitario en el pago de impuestos suma $3400 desde el 2019 y cero de por el
[00:27] concepto de salida de Divisas además es presidente de una compañía dedicada a enseñanza capacitación y perfeccionamiento su patrimonio es de $12,000 entre sus propuestas constan
[00:40] reformar el sistema de Justicia crear la dirección nacional antimafia hacer una recategorización de maestros conseguir asesoramiento extranjero anticorrupción e imponer más impuestos a los grandes
[00:55] contribuyentes candidato granja Buenos días Bienvenido a contacto directo Buenos días Lenin Muchísimas gracias por la oportunidad por poder conversar con ustedes quisiéramos conocer su reacción al debate en el que participó ayer ese
[01:09] espacio le permitió a usted cumplir con el objetivo de dar a conocer sus propuestas en estos tres temas que se abordaron Bueno más que un debate estuvimos en un reality show en el que
[01:22] prima siempre El grito el odio el el gritar tú liberaste rasquiña no pero tú primero pacte con él y y después no se respondieron algunas preguntas que me parecían a mí muy interesantes No porque no estamos eligiendo al papa Lenin estamos eligiendo un presidente de la
[01:37] República en un momento en el que estamos en fase cuatro de la criminalidad organizada por lo tanto responder a la pregunta cómo vamos a lograr evitar que se envíen desde la cancillería a un quintal de cocaína hacia Italia como en el penoso caso
[01:51] narcovalijas creo que que respuesta no hubo allí luego se les preguntó Cuál es la diferencia entre crimen molecular y crimen organizado van a actuar en ambos y tampoco se respondió y finalmente Les hice la pregunta a dos candidatos sobre
[02:05] el concepto de eficiencia en el manejo del servicio público y las respuestas también fueron bastante hilarantes No a raíz de la muerte Cruzada usted señaló candidato que que iba a ser Pues que se iba a postular siempre y cuando la
[02:20] tendencia se uniera y llegara a conformar un frente pero eso no pasó y usted sin embargo está en la papeleta ese escenario de un frente Unido al final pues no fue condicionante por qué querido linen lo que es y lo que ha
[02:34] sido no puede seguir siendo En eso estamos todos los sectores progresistas de acuerdo pero creo que intentamos hasta el final lograr un acuerdo con las con las izquierdas Lamentablemente en ese encuentro de quito cuando ya los
[02:48] compañeros empiezan a hacer la de las suyas y empiezan a invitar a personas que eh le quitaron la sede a la cone le quitaron la sede al colegio de abogados del guayas persiguieron a los días de luluncoto evidentemente yo no me podía ya sentar más con ellos porque ya eran
[03:02] reuniones que estaban desnaturalizando nuestra lucha histórica luego siempre le reservamos el la candidatura a la presidencia de la República a un representante de la conay los esperamos hasta el último pero pero no se ponan de
[03:15] acuerdo no eh En todo caso Yo creo que tengo un una visión de socialismo a la sueca yo creo por ejemplo en la concesión en la participación del sector privado por ejemplo en el parque eólico nacional creo que hay que concesionar las carreteras
[03:30] creo que hay que liberalizar la banca y permitir que vengan bancos extranjeros para una una competencia y poder bajar así las tasas de interés y en otras cosas por ejemplo en seguridad salud y educación soy totalmente contrario a
[03:45] cualquier intento de privatización repito yo creo que ayer ayer lancé algunas propuestas muy interesantes Lenin eso fue y la gente está hablando hoy de eso el asesinato de cuatro niños pobres en taura no es política criminal
[03:57] es un crimen de estado a partir de allí llego a carondelet Y le doy de baja a todos los generales y coroneles de la Policía Nacional y del ejército tienen que irse sus reemplazos serán nombrados luego de estudiar sus perfiles con
[04:11] agencias antimafia europeas y con la misma DEA porque la lucha contra el flagelo del narcotráfico internacional debe ser global luego soy el único candidato que ha hablado de los guardias de seguridad en toda la campaña y es la primera vez en la historia de la
[04:24] República del Ecuador que se habla por ejemplo de recategorizar inmediatamente a los docentes o de la creación del primer plan Nacional de Salud Mental querido lening vamos a contratar al menos 1000 psicólogos 1000 psiquiatras porque muchísima gente en el Ecuador
[04:39] sufre de depresión y no está en capacidad de contratar de pagar una cita con con un especialista en esa materia no candidato Permítame cerrar el tema anterior usted habla de desavenencias con el correísmo eh con con el movimiento indígena pero resulta que
[04:53] candidatos de la misma orilla de de izquierda Pues hay seis siete en la papeleta tiene usted medido eh Cuál es el impacto o Cómo afecta a a a su candidatura que haya tanta tantas
[05:05] opciones eh de de la misma tendencia no por el contrario Lenin eh si usted se fija en los segmentos de la población usted va al hospital del Monte Sinaí al hospital de líes se va a dar cuenta que la mayoría de los sanitarios
[05:19] van a votar por Pedro granja por qué Porque Yo propongo convocarlos a concurso de merecimiento y oposición para darle su nombramiento definitivo el concepto de trabajo de que el trabajo de significa es mentira lo que significa es tener estabilidad laboral para
[05:33] permitirte hacer un proyecto de vida serio Okay y lo segundo es tener un sueldo un salario decente para permitirte comprarle a tus hijos zapatitos para ir a la escuela en esa línea los médicos y enfermeros a quienes yo defendí luego de que trabajaron en la
[05:47] pandemia y a quienes yo logré que les den el nombramiento definitivo van a votar por Pedro granja los guardias de seguridad van a votar por Pedro granja los policías La tropa No es cierto evidentemente los coroneles y los generales no pero pero La tropa de la policía y La tropa del ejército va a
[06:02] votar por Pedro granja entonces soy el único candidato por ejemplo que ha dicho que es imposible es vergonzoso que un un policía motorizado gane apenas 933 al día y de allí tiene que sacar platita para su rancho para pagarse el
[06:16] uniforme y para pagar el alojamiento cuando viene del ten a Guayaquil pero es que no cuidamos a los que nos cuidan les cobramos hasta las balas y y creo que que necesitamos la conformación de la cuarta compañía de la Policía Nacional 20,000 hombres más que nos permitan patroll ciudades calientes como
[06:30] Guayaquil Durán esmeraldas Quevedo y además estamos diciendo que con apoyo de la Dina en tres meses en tres meses querido lening vamos a acabar vamos a hacer correr a los vacunadores de Guayaquil pero no con con plomo no
[06:43] desapareciendo sino con acopio de saberes y de información es decir con una investigación técnica ha generado algún ruido candidato Al que usted admitiera que que le daría de llegar al poder el salvoconducto a Jorge glas para
[06:56] que él pueda acogerse al asilo que México le otorgó usted es abogado podría decirle al país Qué acciones acompañarían esa decisión porque entre otras cosas tendría que sacarlo de prisión Entonces cómo operaría Eso sí eh
[07:11] querido Lenin no hay que confundir indulto con salvo conducto yo no le voy a dar indulto a ninguno de estos delincuentes a ninguno de estos pillos soy un hombre con las manos limpias que toda la vida se ha preparado en lucha
[07:24] antimafia en las mejores universidades italianas que ha combatido a la drueta a Sacra corona unita y que hace planes de política criminal para varias ciudades en el mundo entre otras Guayaquil el actual plan de política criminal de
[07:37] Guayaquil lo diseñé yo ahora bien yo no les voy a dar indulto a estos a estos delincuentes pero vamos a retomar relaciones diplomáticas con México si algún juez porque glass está bajo
[07:49] órdenes de la función judicial donde yo no puedo intervenir El Poder corrompe y el poder absoluto corrompe completamente el día en que yo diga que soy el jefe de todos los poderes del Estado me habré convertido en todo lo que he repudiado durante toda mi vida Me habré convertido
[08:05] en un Correa cualquiera en un nooa cualquiera yo tengo que ser respetuoso de lo que digan los jueces sean supuestamente pillos o no sean honestos o no pero si algún juez los mexicanos y los correístas consiguen porque son la
[08:17] misma cosa consiguen que liberen a su a su joya preciosa Yo no me queda otra que dar el salvoconducto Lenin porque eso me lo me lo obliga el las convenciones internacionales el derecho internacional ahora su plan pero ulto no les voy a dar
[08:32] su plan de seguridad que contiene medidas preventivas y de combate directo a los delincuentes Cuánto cuesta porque generar nuevas eh direcciones incorporar 20,000 policías incrementar el salario a
[08:46] a a los uniformados dotar los de más equipamiento pues eso es una inversión importante no maravillosa pregunta hay 6700 millones de dólares en reserva internacional es decir plata de todos los Ecuatorianos que no hacen nada en
[09:00] bancos suizos más que enriquecer a ciertas personas de eso tenemos que dejar el 30% allá para garantizar el encaje bancario al menos 1000 millones o 2000 millones de dólares van a llegar en el primer semestre de mi gobierno para
[09:13] qué para mejorar proyectos de desarrollo educativos sociales que se llaman políticas de prevención del delito atacar los factores de riesgo la causa del crimen antes que la enfermedad lo segundo tenemos que cobrar 8000 millones
[09:28] de dólares en deuda firme a los grandes evasores de impuestos de este país deuda firme quiere decir que ya no admite recurso administrativo ni judicial hay que cobrar para pagarle mejor a los sanitarios hay que cobrar para pagarle mejor a los policías a los militares a
[09:42] todos los servidores públicos de este país con nombramiento provisional que en mi gobierno recibirán nombramiento definitivo ahora bien cómo se financia la Dina yo vengo conversando Lenin lamentablemente no lo puedo decir porque
[09:54] tengo obligaciones de respetar cláusulas de confidencialidad con varias embajadas europeas que son las más preocupadas para parar el envío de droga de quintales de cocaína desde Guayaquil esmeraldas manta hacia sus puertos y
[10:08] ellos están dispuestos a colaborar más o menos con 500 millones de dólares para crear este organismo la Dina con capacidad de fuego movimiento y choque para enfrentar fundamentalmente el crimen organizado Permítame solamente esta parte ayer los candidatos
[10:23] presidenciales que se pasaron insultando entre ellos no pudieron explicarle al país la diferencia entre crimen molecular y crimen organizado Ven al crimen organizado como un grupo de hombres y mujeres que le quieren hacer daño a las personas porque son malos por
[10:36] naturaleza Es decir como que quieren conquistar el mundo pero eso está bien para Pink y Cerebro Pero eso no es crimen organizado el crimen organizado es una estructura de relaciones que mueve bienes y servicios ilícitos de un punto a otro del mundo Qué es lo
[10:50] importante Lenin solamente los vas a golpear no capturando más gente porque son fungibles inmediatamente los reemplazan sino golpeando sus estructuras de financiamiento y los bancos donde lavan la plata de la droga y para eso la Dina se va a dedicar a
[11:05] hacer labores de inteligencia una vez que tú golpeas como en Italia se lo hizo sus fuentes de financiamiento sus fuentes de lavados de activos entonces empiezan a reducir su capacidad de accionar delictivo y de hacerle daño al
[11:17] país su plan de trabajo señala que que investigará a las autoridades de las entidades nominalmente autónomas nombradas por los últimos gobiernos para realinear a lo dispuesto por la
[11:30] Constitución es una cita textual de su plan de trabajo A qué tipo de investigación se refiere una investigación que partiría de qué sospecha Y además qué implica realinear losos viajan permanentemente a Panamá
[11:45] casi todos los fines de semana yo no entiendo cómo lo hacen con un sueldo de 4000 5000 al mes viajan junto con la mujer con el perro con el gato y con la amte luego eh tienen patrimonios que no pueden justificar jueces Fiscales y
[12:00] autoridades de control nosotros vamos a actuar con la dirección nacional antimafia que va a trabajar no solamente contra el narcotráfico sino también contra las casas de apuestas redes de pederastas y la peor red mafiosa que existe en este país que son los
[12:13] políticos jueces Fiscales y sus grupos de mafia mediática que son amamantados con fondos públicos Mire voy vamos a revisar las cuentas Ya de todos los municipios y prefecturas que en este momento están destinando más del 70 de
[12:27] los impuestos prediales de la plata de la gente pobre del Ecuador para amamantar programas de Pauta que están dedicados todo el día a calumniar y a agredir al que piensa distinto a su jefes a sus dioses cuando usted plantea
[12:40] una participación de los gobiernos autónomos descentralizados en planes de seguridad exactamente a qué se refiere se lo pregunto candidato porque no son pocas las ciudades que cobran tasas de seguridad pero a la hora de la verdad
[12:54] dicen que esa es una competencia del gobierno central o exponen el hecho C de que la Policía Municipal por ejemplo no puede estar armada y que por ello su rol ante la inseguridad es limitado sí los municipios y prefecturas
[13:08] o dejan de cobrar impuestos para la seguridad que no brindan Okay se compran camionetas las camionetas pasan jugando Parchís o dejan de cobrar impuestos a la gente por el concepto seguridad o nos devuelven la competencia completa al
[13:22] Estado central estamos hablando de un tema muy serio Lenin yo estoy planteando un plan de política criminal yo soy un hombre serio que se ha preparado toda su vida para enfrentar a la mafia para enfrentar al crimen organizado mi plan
[13:35] de política criminal está dividido en políticas de prevención políticas de disuasión políticas de represión propiamente tales y finalmente políticas de rehabilitación yo creo que las prefecturas han perdido todo su rol
[13:48] creen que solamente eh Ya le cumplen al país organizando partiditos de fútbol ese no es su rol los municipios creen que le cumplen al país trayendo a dady Yankee pero tampoco ese su rol aquí me parece que la competencia la
[14:02] lucha del Estado contra el crimen organizado debe ser integral debe ser global pero no entender que municipios prefecturas que juntas parroquiales también son estado los hace Cómplices de la mafia usted ha dicho que Quienes más
[14:15] ganen más impuestos deben pagar cuál es específicamente la propuesta impuesto al patrimonio o ivas diferenciados en qué consiste este este cobro adicional a quienes más recursos
[14:30] no he dicho eso nunca lening Lamento que que se hayan malinterpretado eh eh A ver eh yo no he dicho Nunca eso eh Y se lo quiero explicar verad eh Le puedo garantizar hoy en esta entrevista con usted que soy enemigo de los impuestos
[14:44] De hecho voy a bajar el IVA al 10% y le explico rápidamente Por qué el IVA es un impuesto al consumo no un impuesto al ahorro castiga a los pobres mayoritariamente porque ellos no tienen capacidad de ahorro ahora bien cuánto
[14:57] ganó el gobierno de noboa subiendo el IVA tres puntos 1,3 millon si usted elimina el IVA o sea lo reduce al 10% elimina el alza los pobres tienen una capacidad de consumo de al menos 4,500
[15:12] millones de dólares porque ese es el efecto multiplicador del descenso en el impuesto yo creo Lenin en una sociedad que pague menos impuestos en una sociedad en la que todos colaboremos en la que todos paguemos en la medida de de
[15:25] nuestras posibilidades y que las reglas del juego sean claras en lo que sí estoy absolutamente contrario es en esto verá la asamblea nacional con los votos del correísmo en el gobierno de Guillermo
[15:38] lazo para liberar a glas votaron a favor de un paquete de impuestos contra el pueblo ecuatoriano cuando ellos se dicen socialistas Defensores del pueblo yo les digo farsantes canallas y mentirosos en
[15:51] el gobierno de noboa son supuestamente enemigos se odian se sacan la lengua gran pecado comete Pedro granja por haber dicho que Nova Es inteligente inmediatamente después decir que nos diferencia hay un abismo de diferencia entre su proyecto neoliberal y el mío
[16:06] que es un proyecto social Pero en el gobierno de noboa los correístas volvieron a votar por un paquete de reformas para subir los impuestos y en cambio mi propuesta es reducir los Lenin pero tampoco estoy a favor de ese de esa
[16:19] condonación eterna anual de deudas para los grandes deudores que en este momento le deben al país 4,500 millon dó en intereses y ya mismo segú seguramente en la próxima asamblea se vuelven a perdonar En eso estoy en contra es decir
[16:33] yo soy un hombre muy pero muy lógico mi querido Lenin al gato gato y al vino vino entenderá usted que que me llama mucho la atención porque en su plan de trabajo Incluso se menciona porcentajes 5% de impuesto al patrimonio para las grandes
[16:48] empresas se habla de un impuesto adicional para el sector financiero por ejemplo para la banca y también se dice que se va a apuntar a reducir el gasto tributario ido como subvenciones o
[17:00] exenciones tributarias para grandes empresas usted se desmarca entiendo de de eso que está escrito eh Lenin por esa razón tuve que convocar a un notario hice una rueda de prensa en la que
[17:15] estuvo presente cu avisa y en la que he planteado he hecho una declaración jurada en el caso de incumplir la cometería el delito de perjurio eh yo hice un plan de gobierno seguramente algún compañero comunista trasnochado de la época de chesco habrá cambiado habrá
[17:28] agregado alguna tontería allí pero no yo le puedo garantizar que no habrá ningún impuesto a la banca ningún impuesto a a salida de Divisas que mi plan de gobierno tiene que ver con el cobro de de impuestos de la deuda firme que ya existe que la vamos a cobrar Sí o sí
[17:43] porque es plata de todos los Ecuatorianos Y lograr la traída de de de un buen 70 por de la reserva internacional pero más impuestos no va a haber con Pedro granja candidato Usted
[17:56] cree en la inversión extranjera en las iones en las alianzas público privadas totalmente convencido de eso en el sector seguridad en el sector salud y en el sector de Educación no habrá
[18:09] ninguna privatización eso corresponde a un verdadero estado social que combate las violencias Y por supuesto las asimetrías sociales pero en el tema de los parques eólicos hemos conversado con compañías suecas españolas eh Me parece
[18:23] que hay una belga también interesada hay que permitir la llegada de capital europeo la llegada de capital fresco evidentemente va a haber un control de algunos grupos suecos que están especializados en el tema en el tema de
[18:36] transparencia y anticorrupción y allí va a haber un ingreso de ellos ponen toda la plata para la construcción de cada Parque eólico Nuevo villonaco 3 villonaco 4 habrán parques eólicos en morona Santiago cañar Azuay Galápagos y
[18:50] Zamora chinchipe y ellos van a poner todo el dinero el 40% de las regalías son para ellos durante 10 años y el 60 de las regalías son para el estado que no pone un solo centavo y termina
[19:02] ganando un buen 60 durante 10 años las carreteras tienen que ser concesionadas es decir yo prefiero pagar 3 de Guayaquil a riobamba llegar en dos TR horas con vida por una buena carretera que por las carreteras de hoy que son
[19:15] una porquería igual estoy pagando casi 3 4 si no están todas destruidas entonces clo en algunos sectores hay que permitir la inversión extranjera Hay que ser lógico estamos en globalización usted ha dicho que debe ser fortalecido que se
[19:28] debe evitar su privatización y también ha indicado que no se debe incrementar la edad de jubilación estoy haciendo referencia a lo escrito en su plan de trabajo cómo garantizar candidato que las prestaciones se mantengan si hay
[19:42] estudios que señalan que el modelo actual es insostenible y que hacen falta reformas profundas y entre las alternativas se ha planteado precisamente extender la edad de jubilación o incrementar el valor de el
[19:55] porcentaje de los aportes sí uda que el estado mantiene con el I eh la vamos a cancelar con la con la entrega del banco del Pacífico hay que cambiar la conformación del Consejo directivo de l hay que permitir una mayor participación de los jubilados de los verdaderos
[20:10] usuarios del sistema mire nadie habla aquí de la importancia de la modelización matemática de enfermedades prevalentes y contagiosas que nos han llevado a nosotros con asesoría de expertos portugueses a concluir que necesitamos la creación del mir
[20:24] ecuatoriano es decir 14 nuevas especialidades médicas que nunca país ha tenido nosotros formamos un médico Okay nos cuesta 50,000 0,000 formarlos y el médico después termina trabajando en Chile en Argentina en Alemania es decir somos tan tan torpes Que terminamos
[20:39] gastando plata para que se vayan nuestros profesionales a trabajar a otra parte a países del primer mundo por ejemplo Eh Así es que para brindar un mejor servicio Como I necesitamos tener un concepto claro de eficiencia dividido en Talento humano infraestructura y
[20:54] contenidos Y a partir de allí lo que necesita el Elías es una gran inversión de capital y vamos a empezar con la entrega del banco del Pacífico para honrar las deudas estatales y no volveremos a convertir a líes en la caja chica de gobiernos que gastaban la plata
[21:08] trayendo a Miguel Bosé a lo comía o o a Juan Gabriel eso no va a pasar en Mi gobierno y le queremos agradecer a Pedro granja candidato presidencial por el partido socialista ecuatoriano nos ha acompañado esta mañana en contacto directo Muchas gracias leni Te mando un
[21:22] abrazo"
PG2,Pedro Granja,"Economía y empleo, Seguridad y crimen organizado, Educación y salud, Desarrollo regional, Políticas sociales","Entrevista centrada en temas clave como Economía y empleo, Seguridad y crimen organizado, Educación y salud, Desarrollo regional, Políticas sociales, abordando propuestas específicas de políticas públicas y reformas.","[00:00] [Música] un saludo cariñoso a toda nuestra audiencia Gracias por estar nuevamente con nosotros en un episodio más de Qué dicen los candidatos el día de hoy
[00:27] tenemos al doctor Pedro granja con nosotros veamos su fecha Pedro granja Angulo candidato presidencial por el partido socialista ecuatoriano su binomio es Verónica Silva tiene un doctorado phd en derecho penal
[00:42] por la universidad de Buenos Aires es máster en lucha contra el crimen organizado por la universidad Federico II de Napoli y la universidad de turín tiene un máster en criminología crítica y desviación social por la
[00:57] universidad de boloña ha escrito 12 libros de derecho yucha anafi es profesor universitario y también ha sido es profesor de universidades nacionales y también europeas está con nosotros ya Pedro granja Gracias por estar con nosotros
[01:11] candidato la pregunta de cajón antes de entrar ya en materia de las propuestas está ha siendo territorio usted denunció antes de la campaña que había sido amenazado de muerte y yo me acuerdo que le pregunté en una entrevista por Entonces se lanzaba a ser candidato a la
[01:26] presidencia meredes primero agradecerte infinitamente estar aquí tenía muchísimas ganas de conversar contigo veamos eh esa pregunta también me la hizo el señor araus con mucha mala leche diciéndome que que supuestamente yo
[01:38] tengo miedo Sí eh Quién no tiene miedo Si que lo amenazan Discúlpeme cualquier ser humano tiene miedo sobre todo cuando tiene familia no eh A ver soy el único candidato que cuyo candidato a la asamblea recibió un balazo en el pecho
[01:52] por si fuera poco el padre recibe tres tiros Qué bárbaro está todavía muy mal eh en esas mismas horas se metieron en la casa de mi papá en la ciudad del 9 de octubre le hicieron horrores a un anciano de 80 años pasan 12 horas se
[02:06] meten a la casa de mi hermano en samane 7 le rompen tres costillas se le llevan todo lo que tenían ahí adentro delante de la niña de 6 meses y la mujer hoy tuvo que abandonar su hogar y allí viven hace meses toda la mi guardia policial no asignada por por por el gobierno para
[02:21] para protegerme en esta campaña no no puedo hacer territorio Okay es es muy difícil movilizar está Solamente moviéndose en redes sociales solamente en redes sociales es es muy difícil a veces llego a alguna universidad en medio de de tremendos esfuerzos por la
[02:34] seguridad por dónde vienen las amenazas Pedro sin duda ninguna por parte de grupos del crimen organizado hay dinero caliente de la mafia en esta campaña electoral de otra manera no se explica cómo eh Hay campañas tan millonarias y
[02:48] campañas tan paupérrimas como la mía eh solamente quiero decirte algo aprovechando esta primera pregunta yo fui al debate presidencial querida María Mercedes con el mayor respeto posible a la gente no lo confundí con el concurso nacional del odio ni con el concurso
[03:03] nacional del insulto hay candidatos que se posicionaron muy bien después esa noche en Twitter Pero porque fueron un meme fueron a gritar borregos y fueron a gritar que la candidatura de Luis de Luisa González estaría apoyada por un
[03:16] expresidente condenado por corrupción Y esto es cierto pero la candidatura de Andrea González también es apoyada por un expresidente procesado y condenado por Pillo como Lucio Gutiérrez pero está libre o sea está libre está caminando ha sido asambleísta es decir son dos
[03:31] realidades distintas Pedro no lo creo porque si usted es acusada por por por corrupción y es condenada por eso es la misma realidad que el uno haya cumplido la pena y el otro no quiere entregarse a la justicia es otra cosa Okay luego eh Andrea González no presentó ninguna ni
[03:45] una sola propuesta yo me parece que ir respetó mucho al país hacer show grito odio eh confrontación los chicos están cansados de eso pero sí pero ella ella ya estuvo aquí y ella lo que me dijo porque también Hablamos del tema es que
[03:59] ella necesitaba captar la atención de la gente y que ella fue con ese propósito que era captar la atención y ahora sí ya puede comunicar su plan de gobierno que es lo que está haciendo en redes sociales pero Vámonos a su Mira per pero no pero pero yo te quiero preguntar a ti porque Mira es que tú eres una periodista con demasiada experiencia y
[04:13] un intelectual yo te pregunto Se sincera alguna idea que te haya quedado de la participación de Luisa González Ya ahora ahora qué hablamos qué decimos nosotros te digo rapidísimo nosotros estamos planteando el primer plan Nacional de Salud Mental porque tenemos la mayor
[04:27] cantidad posible de jóvenes con depresión de de toda América Latina Okay eso es cierto estamos planteando y no existe en el Ecuador ni siquiera una sola clínica gratuita para la cantidad de pacientes que existen en este país si usted quiere
[04:42] tiene una depresión tiene ansiedad es bipolar si no tiene plata está fregado y su familia condenada Pero recuerdas porque somos contemporáneos Recuerdas cuando nosotros teníamos 14 15 años nos enamoramos vivíamos el amor con mucha pasión y todo lo demás pero no no no
[04:55] estábamos tan tristes por la vida hoy creo que todos todos eh sumos de de estas condiciones no ansiedad estrés crónico depresión pero tú y yo sí podemos pagar a un psicólogo una a una consulta particular Pero hay muchísima
[05:09] gente que se suicida porque no tiene cuatro pesetas para ir donde un médico especializado estamos hablando de que tenemos la mayor tasa posible de psicólogos y psiquiatras sin empleo entonces claro yo digo en el primer semestre de mi gobierno contratamos 1000
[05:21] 1000 personas para 1 psicólogos para que se preocupen de este plan van a ganar 000 mensuales a nivel nacional van a ganar 000 mensuales no mucho sí gastamos invertimos 1 millón de dólares mensuales que no es nada Comparado con la cantidad
[05:35] de dinero que se está gastando por ejemplo en Pauta en los últimos meses en este país en los últimos años en este país yo yo he planteado además pero solamente esta parte que es importante en salud el primer mir ecuatoriano Qué
[05:47] significa esto 14 especialidades médicas Okay impulsadas desde el gobierno 10000 especialistas salen cada 4 años si empezamos ya ese plan de dónde me saco las cifras mi querida María Mercedes de la modelización matemática de
[06:02] enfermedades prevalentes y contagiosas que me dicen que necesitamos urgentemente 14 perfiles de especialistas porque de lo contrario vamos a tener muchas más muertes por enfermedades respiratorias por por cardiopatías entonces claro yo al menos
[06:16] me siento muy contento porque he respetado a la gente llevando propuestas muy claras nadie nunca en la vida María Mercedes se preocupó por los guardias de seguridad Okay los hacen trabajar 19 años 6 meses y les hacen firmar la
[06:29] renuncia para no pagarles la jubilación ganan un salario básico y cada empresa de seguridad por un guardia recibe $2,000 como mínimo les pagan el básico los hacen trabajar 12 horas sábados domingos y feriados tú crees que los
[06:42] guardias de seguridad los médicos enfermeros sanitarios a quienes yo he defendido para que tengan nombramiento definitivo profesores primarios secundarios universitarios a quienes estoy planteando eh primero la recategorización docente para los primeros para los últimos nombramientos definitivo Tú crees que esa gente va a
[06:57] votar por Luisa González o por andr González no lo creo yo creo que la gente está muy pendiente de propuestas que se pueden financiar que son sostenibles sustentables en el tiempo justamente le pregunto cómo se puede financiar estamos hablando de Salud Mental estamos hablando de algo
[07:12] que no es políticamente rentable porque justamente los gobiernos no lo han hecho no han trabajado en prevención de consumo de drogas etcétera tenemos unos niveles de de consumo de drogas sobre todo de H que usted sabe Pedro que es
[07:23] una droga que tiene un un un tiempo le da un tiempo de vida al consumidor de años o sea destruye la persona que lo consume y no podemos tratar a nuestros jóvenes Entonces de dónde sacar el
[07:36] dinero para eso primero en el plan Nacional de Salud Mental estamos necesitamos una inversión de un millón de dólares por mes es absolutamente posible o sea son 12 millones dó 12 millones dólares al año que será
[07:49] incrementando evidentemente con el avance de mi gobierno Mira hay 4000 millones de dólares en deuda firme que no admite ni recurso administrativo ni judicial solamente hay que cobrarla
[08:01] María Mercedes A quiénes a won a topic a los grandes grupos de deudores de de impuestos en este país quieren vivir como en Dubai quieren vivir como en en Suecia quieren vivir como en Dinamarca pero no pagan impuestos hay que cobrar esa deuda 4000 millones de dólares no es
[08:16] una cifra menor que la puedes cobrar tranquilamente en en un mes un mes y medio con un gobierno bien parado segundo Cuánta plata hay en reserva monetaria internacional tienes que dejar en los bancos suizos el 30% para
[08:30] garantizar el encaje bancario pero el resto estamos hablando de 6700 millones de dólares podrías tranquilamente hacer una inversión de 1000 millones de dólares en el primer año de gobierno y con eso puedes financiar un montón de programas de desarrollo educativos
[08:43] sociales ambientales que atiendan a los factores de riesgo que hacen escatar las violencias y producen los delitos se llama política de prevención Sí mi querida María Mercedes no van a dar rentables políticamente no son muy rentables porque te permiten reducir
[08:58] reducir las asimetrías es y reducir las violencias es la única manera no Yo estoy de acuerdo con usted Totalmente de acuerdo o sea eso es lo que se tiene que tratar hay que reconstruir lo lo que tanto llamamos el tejido social Sí eso necesita reconstrucción necesita
[09:10] contención necesita hay que salvar a a a toda a toda esta gente pero hemos comenzado de atrás para adelante estamos hablando de la parte social y yo quiero preguntarle usted que tiene una maestría en criminología Cómo combatir a estos
[09:24] grupos de crimen organizado que tienen aterrada a la población sí eh sabes que no preferí no presentarme con mis títulos durante el debate pero sí tengo una maestría en la universidad más antigua del mundo la universidad de
[09:35] boloña la más exigente de Italia en criminología crítica y desviación social y luego por mis calificaciones en ese máster paso con una beca a a otro máster en lucha antimafiaduemila
[09:59] mira me he reunido Mira esto es que esto es una Primicia que te estoy dando me he reunido con embajadas europeas del grupo schengen hay cláusulas de confidencialidad en esas conversaciones ellos me han dicho Pedro tú ganas Nos reunimos inmediatamente contigo para financiarte la aladina a la dirección
[10:13] nacional antimafia queremos alguien que pare el envío de drogas desde barcos bananeros de Guayaquil esmeraldas manta en el Ecuador Es decir tú nos puedes ayudar en eso porque tú s entiendes nuestro idioma eh Me he reunido con alguna gente de la DEA ya voy a
[10:27] descabezar a todo el a la cúpula el ejército de la Policía Nacional pu por qué lo va a descabezar porque me parece que hay una grave incidencia de de de corrupción allí tienen que irse generales y coroneles de la Policía Nacional sus reemplazos van a ser
[10:41] Escogidos después de una reunión que tengamos con DEA y con los principales grupos antimafia europeos vamos a revisar los perfiles para poner gente que eh sea lo menos lo menos corrupta posible oé Mejor dicho todos todos se van porque vamos a a comenzar desde cero
[10:55] a depurar a depurar Okay yo te estoy hablando algo muy serio mira lo es tiene políticas de prevención políticas de disuasion políticas de represión propiamente tales y finaliza con el plan reintegra Cuál es el plan reintegra te lo digo rapidísimo todos los presos van a tener
[11:10] que trabajar para pagar su comida recibirán un salario aprenderán técnicas técnicas agropecuarias hace unos en el 2021 2020 al estado ecuatorian le
[11:23] costaba $9 diarios cada ppl cada persona que está en el 2020 estamos 2025 y ahí teníamos 31000 presos Exacto Entonces es es Es un son unos números que tú dices o
[11:37] sea yo Por qué encima de mis impuestos tengo que pagarle a quienes delinquen exacto y y protegerlos y que coman no debería pero mira ellos también quieren ser útiles si tú tienes un preso que está todo el día sin hacer nada
[11:49] exactamente viola ahora viola al otro lo empeña al otro y forma parte es cooptado por la mafia tenemos que quitarle la base social al narcotráfico Okay ahora esos presos al el excedente de su salario es abonado en una cuenta
[12:04] bancaria de cada uno de ellos cuando salen en libertad el gobierno los obliga a abrir un negocio Okay un taller de bicicletas un bazar una panadería Pero hay preparación para eso para que ellos estén preparados para poder tener un emprendimiento los los vamos preparando
[12:18] durante todo el tiempo que están detenidos es decir reciben preparación y trabajan Hay un montón de empresas que necesitan mano de obra Okay ahora aquel que no quiera no quiera rehabilitarse eh va a ser coaccionado por el estado porque esto no se soluciona con besos ni
[12:33] abrazos hay que poner un poco de mano dura lo otro es eh Cuando tú hablas de políticas de disuasión Mira yo le pregunté al candidato rascal en el debate presidencial estuve muy técnico yo okay No quisas el show quise respetar
[12:46] a la gente dígame cuál es el crimen molecular y su incidencia en los quintiles más pobres de la población no me dijo Esto no es un concurso de conocimientos por el contrario María Mercedes estamos eligiendo presidente de la república no estamos eligiendo al que
[13:01] más grita tiene que ser un hombre capaz en un momento tan difícil en el que la mafia nos tiene en fase cuatro es decir nos tiene de rodillas prácticamente no hay un solo negocio pequeño en Guayaquil que no se ha vacunado cierran los negocios est una cosa terrible ahora
[13:15] mira nosotros estamos planteando que más o menos en cuat o se meses los vacunadores salen corriendo de Guayaquil de esmeraldas de demante gobierno pero miran a otros lados Pedro estamos viendo los resultados de los operativos en pasc
[13:29] Durán Y esa gente está yéndose a las provincias a otras provincias Como por ejemplo la provincia Santa Elena están ya vacunando en cadeate están vacunando en en Cómo se llama en otros lugares donde no existía donde la gente vivía tranquilo entonces estos delincuentes ven la manera de seguir operando en
[13:43] otros lugares sí se llama efecto escafo es dec se llama efecto cucaracha es decir mira Exacto salen como cucarachas a otos lad exo para el año 2015 hicimos una investigación con unos amigos portugueses y con amigos checos
[13:56] entre esos estaba janj palala eh hacíamos estudios de cinámico está terminando el plan Colombia esos bakrí esas bandas desarticuladas por el plan Colombia se van a venir para el Ecuador entregamos un documento enorme
[14:11] María Mercedes gratuitamente Ya estos planes hay que aplicar para evitar que esta gente nos haga pelo y barba aquí no lo hicieron no le importó ni el gobierno de correa que salía ni el gobierno de Moreno que entraba ya sabían lo que iba a ocurrir lo que te estoy planteando es un plan integral para hacer correr a los
[14:26] vacunadores seguramente serán al Perú no van a quedar entre territorio nacional se irán a Colombia pero eso ya es problema de esos gobiernos ya no del mío Pedro qué hay del control de las de las fronteras porque definitivamente Aunque alguien decía el otro día en una
[14:40] entrevista que somos productores yo creo que hay sectores donde se produce algo de droga pero el país productor no es el ecuador quien produce la droga es Colombia pero este es un país muy apetecido no solamente para el paso de droga porque antes éramos solamente un
[14:54] país de paso para poder sacar la droga por los puertos Ahora somos un país de la aquí se lava y Ese dinero está metido en la economía ecuatoriana Entonces es decir suelto de huesos que vamos a a
[15:07] combatir el lavado es también dejar a la economía un poco coja Entonces cómo hacemos qué hacemos Mira qué maravillosa pregunta que me haces nos deberíamos quedar conversando aquí horas y horas primero la la la cocaína la cocaína que
[15:21] es lo que le interesa a los europeos más que la marihuana no viene de Colombia de Colombia viene muy buena marihuana la cocaína que nosotros enviamos hacia Europa viene del alto guayags o menos
[15:37] 5700 te lo entregan aquí en algunos hoteles en Guayaquil ya ese mismo kilo Tú lo pones en yy tauro en Italia en rotterdam en Holanda cuesta 56,000 es una cosa impresionante Okay es decir el control fundamentalmente para
[15:52] el tema de cocaína tenemos que hacerlo en el lado Sur ya te repito por el alto la policía militar aduanera por eso tengo que descabezar a los a los generales y coroneles del ejército de la policía ya pero el control no es tanto en Colombia el control debe ser en el
[16:08] sur eso Mira esta es una de las grandes mentiras que se vienen diciendo Sí pero también tenemos una una una Costa muy permeable Aquí se habla y y se ve en muchos pueblos de la cosa dicen es que hay intermitencia a la luz Claro porque
[16:20] la gente vota los los cómo se llama Los las cajas o los Sí con con con droga en altaar para que puedan entrar y pueda llegar este para para el no es tan sencillo como como lo vemos
[16:33] Mira vien muchísima hojas de Coca eh desde allá y hay laboratorios en Pedro carbo y hay laboratorios Incluso en Guayaquil en algunos sectores de no hace rato ya tenemos otros laboratorios acá arriba en el carche
[16:47] todo eso lo maneja el tren del agua una banda venezolana ahí hay ahí hay más de 12 laboratorios pero que lo que mira cu Cuál va a ser la política migratoria de Pedro naranja cuando llegue si es que llega la presidencia de la República Es que mira más que política migratoria tú acabas de decir algo super importante
[17:01] que no se nos puede pasar por alto 7,000 millones de dólares se lavan en en en temas de de de narcotráfico y no se lavan en una pizzería se lavan en grandes instituciones financieras de este país es que por allí va la cosa
[17:15] okay Ahora tú me dices claro la economía va a quedar coja si nosotros los golpeamos a ellos eh esas economías criminales de la única manera en que tú vas a reducir el impacto que ellos tienen vacunando gente molestando gente aquí es golpeando la plata María
[17:29] Mercedes escúchame solamente esto Mira se nos ha hecho creer que los narcotraficantes son personas malas que quieren conquistar el mundo y que hacen daño Solamente porque nacieron malvados eso está bien para Pinky y Cerebro Pero eso no es crimen organizado el crimen organizado es un entramado de relaciones
[17:43] una empresa que mueve bienes y servicios ilícitos de un punto a otro del mundo si tú capturas hoy 100 chicos si no dejas entrar a los venezolanos a los peruanos a los colombianos No pasa nada con La Mafia La Mafia No le interesa porque son fungibles mañana los reemplazan con
[17:58] otros 100 cl solamente tú los logras Mira esto me pasó a mí cuando yo he vivido des muy pelado en Italia no una una sociedad histérica donde tú me insultas me dices lo que sea y yo Después me tomo un café contigo ya eh Yo por eso soy un hombre
[18:11] que no tiene odios que no está todo el día buscando Cómo hacerte daño no y a mí me pasa Okay yo estoy preocupado en cosas realmente importantes Mira eh nosotros trabajamos allá en Italia con algunos programas para golpear seamos la plata Ya los golpeamos por ejemplo en
[18:25] los negocios de ellos que aquí fundamentalmente son patios de privent de carros usados Aquí fundamentalmente tienen restaurantes Allí es donde tenemos que golpearlos por qué Porque tú les empiezas a golpear la plata Ellos se van a otros lugares ellos migran
[18:38] inmediatamente porque no les puedes tocar ya eh los huevos de oro al águila ya es la única manera de hacerlos correr lo segundo tiene tenemos que implementar y aquí salen los comunistas y dicen Oh qué malo que es Pedro granja no les quiere dar a los a los pobres presos de
[18:52] la mafia a las cabezas ya esto no se gana con cañones se gana con inteligencia Okay Por eso la Dina va a ser una I ación con capacidad de fuego movimiento choque y acopio de saberes ya cuando tú capturas a los jefes reales ya que no son pues la morsa ese gordo que
[19:07] sale en una pantaloneta de 2 viviendo en soci vivienda Tú crees que la gente se pone a traficar para vivir en soci vivienda ya viven en samborondón en mocoli en Puerto Azul en cumbayá ahí es que tenemos que capturarlos cuando tú los capturas y tú los pones en un plan
[19:19] de 41 B Es decir a ver tienes hijos no sí Okay Vas a ver a tus hijos pequeños siempre pero por un vidrio o sea vas a tocar la manito de ellos pero por medio del Vidrio ya no vas a poder tener contacto con ellos aquí en esta celda no
[19:33] vas a tener internet vaso para eso volvemos nuevamente para eso se necesita plata porque hay que hacer toda una reforma en el nivel carcelario recordemos que el día de hoy las cárceles del Ecuador lo que sirven Es
[19:44] más yo yo creería no en en mi inocencia y y en mi no conocimiento del crimen e como como lo tiene usted este yo creería que es más están más seguros los criminales dentro de las cárceles porque están protegidos por el estado se les
[19:59] garantiza comida Tienen hasta las visitas de sus cónyuges tienen chicas que las van a visitar tienen piscinas tienen hasta discotecas dentro de las cárceles tienen túneles por donde entran y salen no tienen tienen todo tien
[20:12] tienen computadoras tienen entonces allí adentro dicen a ver mátalo a fulano a ver ellos dan órdenes de las cárceles sabes cuánto gasta cuánto Gasta el gobierno italiano en prevención de la droga que sale desde Sudamérica 1700
[20:26] millones de dólares semestral 1700 esca eso en el Ecuador no existe porque no hay Esa esa plata Claro Mira cuando te reúnes con ellos y les dices yo yo me he reunido con ellos con quiénes con embajadas de toda Europa
[20:40] Okay ya yo pensé que me iba a decir me reuní con Los Capos de la mafia Entonces ya okay No y le he dicho les he dicho miren No yo los combato desde muy pelado mi querida Mercedes eh yo Mire yo no estoy en el caso purga no estoy en el caso metasta ust cre que Diana salazara
[20:54] daría la la vida de ella por haberme encontrado allí un mensajito nunca en mi vida yo no creo le he dado un solo centavo a un fiscal o un juez ya toda la vida nunca en mi vida María Mercedes he sido abogado de un narcotraficante jamás Okay pero Permítame pude haberme hecho
[21:08] muchísimo billete con esta narase que hay no lo dudo es una clientela tiene que tiene mucha plata vea en alguna oportunidad me los encuentro en en el oro verde estaban comiendo la mafia porque la mafia son personas ya voy caminando dice pero ven
[21:22] acá ya Sí oye vienen elecciones del colegio de abogados sí vas a lanzarte No sé todavía nosotros tenemos una platita que se nos está pudriendo no quiere ser candidato ya pero pero no no sacamos toda esa plata que usted dice para para cambiar todo el sistema hay que hacer un
[21:35] cambio total en si me dejas responderte te lo digo rapidísimo en un minuto Mira 1700 millones gasta Italia yo les he dicho a esos a esos países a Holanda todo lo demás nosotros no vamos a seguir poniendo en mi gobierno los presos y los
[21:49] muertos ya esto se combate con billete con tecnología con radares Okay con una policía especializada sabe cuánto tiene que ganar cada gente de ladina $1,000 mensuales como mínimo mi querida María Mercedes Okay firma con nosotros un
[22:04] contrato de que pierde la privacy es decir si usted es una analista de inteligencia de mi gobierno y trabaja para la Dina yo puedo jaquear su teléfono a las 24 horas ya porque usted no se me puede virar sí me entiende ahora sus hijos van a tener becas en
[22:17] Italia en España en Holanda se van del país para que usted pueda aquí pelear tranquilamente contra esa gente ya estamos hablando de que si cada gobierno del grupo shengen todos están de acuerdo pone 50 millones de euros y yo les he dicho no me le dé un centavo a un solo
[22:31] político ecuatoriano porque se la roba ya no no no le de manejan ustedes el fidecomiso manejan ustedes el billete para qué Para capacitar profesionales de verdad para competir a esta gente para comprar equipos como los de hacking team porque tenemos que hackear
[22:44] comunicaciones ya para poderlos desmontar en en menos de una semana hay 750 millones de dólares para poder luchar contra La Mafia ya con apoyo europe exactamente ya Exactamente eso
[22:58] acá Hay muchísimas embajadas que me han dicho Pedro tú ganas al día siguiente nos reunimos contigo Ahora no te podemos apoyar de frente porque si no se ponen bravos con nosotros pero tú ganas y te metemos el billete para porque sabemos que tú eres el más capaz de todos para luchar contra est Okay Pedro y en el
[23:12] caso no consentido de que usted no llegue a caron delet usted estaría dispuesto a prestar todo ese conocimiento que usted tiene en criminología para combatir a las mafias en el Ecuador cormo para el correismo no
[23:26] sin embargo en el le hicieron una pregunta por la que fue criticado y tengo que nombrarlo aquí o decirlo aquí que es que si a usted le dicen que le de El salvo conducto aglas me dijo yo soy un hombre de derecho se lo doy no cre no
[23:40] cree que eso es contraproducente para usted decir algo así puede ser pero verá es por esa razón que yo hablo alemán y Andrea González no es por esa razón que yo hablo italiano y Andrea González no es por esa razón que yo doy clases en universidades extranjeras y Andrés
[23:55] González No yo no voy a estar sometido ni a Daniel Novoa ni a Lucio Gutiérrez ni a Rafael Correa Okay soy demasiado me amo demasiado Como para someterme a otro tipo Okay yo voy a estar sometido Eso sí de rodillas a Dios a la Constitución y a
[24:09] los convenios internacionales de Derechos Humanos Permítame si la norma dice mi querida María Mercedes no violes y todo el mundo viola si la norma dice no mates y todo el mundo mata si la norma dice no te metas en una embajada de un país hermano y todo el mundo se
[24:22] mete la norma queda vaciada de contenido y nos convertimos en salvajes yo no puedo usar el poder para seguir me tengo que someter al derecho la gente está cansada de los abusos de correa de los abusos de novoy de La payasada necesitamos un estadista alguien que
[24:36] garantice Ah no Usted dice Ah en alguna oportunidad qué sé yo yo yo me putié con Pedro granja pero yo sé usted va a decir yo sé que ese tipo no me va a hacer absolutamente nada porque él se somete al derecho es decir yo soy un hombre de
[24:50] derecho Okay no verad y y puede ser mi peor enemigo o mi mejor amigo no voy ni a perjudicar al uno ni a beneficiar al otro Pedro dice yo voy a estar de rodillas a la Constitución se puede estar con una constitución como la que
[25:04] tenemos o usted en caso de llegar a Coronel estaría dispuesto a hacer reformas a la Constitución mediante una asamblea constitucional o Constituyente mientras esa porquería de Constitución esté vigente voy a estar de rodillas ante esa porquería porque soy un hombre
[25:16] de derecho así de cuadrado soy hay que reformarla totalmente hay que tirarla al Tacho de la basura de la historia ya porque fundamentalmente defiende los intereses de Pillo es sinvergüenzas nos plantea un consejo de participación ciudadana en la que que está integrado
[25:30] incluso por abogados que defendían a un tipo que violó un niño y sabía que tenía sida el niño Tenía 8 años yo defendí al niño ya y el tipo el tipo está ahora en el consejo y defendí al violador ya es que esa porquería solamente sirve para
[25:44] repetir los intereses de correa desde Bélgica o los intereses de nooa o de las o del gobernante de turno eso tiene que irse Ya O sea que vuelva la elección de autoridades al parlamento que me parece mucho más democrático no así así los partidos Digamos que cada uno Pone pone
[25:58] al ya porque el poder aunque nos duela María Mercedes es el reparto de funciones públicas ejemplo yo estoy dispuesto a gobernar y decir a ver el grupo de María Mercedes Ya me están pidiendo el Ministerio de agricultura Ok
[26:13] te lo doy María Mercedes pero lo hacemos públicamente ya no tras bastidores públicamente tú vas a ponerte tú me ayudas tú me ayudas a gobernar tú me ayudas a gobernar tú vas hacer estos resultados meses Si no
[26:29] públicamente tendrás que irte porque se lo vamos a presentar al país si tu partido está cumpliendo con esto perfecto ahora la discusión tiene que ser en una mesa redonda donde todos podamos putear noos donde todos podamos discutir golpear la mesa es que no
[26:42] podemos tener un Dios porque la gente Mira eh hacerle creer a Rafael Correa que era Dios ya le hecho hecho le ha hecho un grave daño no ese Pobre hombre mire el poder el poder lo enloqueció no tenerlo lo enloqueció
[26:56] más y eso es muy triste tremendo ya y le está pasando lo mismo tristemente a Daniel Novoa Mire yo hace algunos días es tan terrible lo que pasa en el país cometí el grave pecado El grave delito para los correístas para estos enfermos de decir que era un hombre inteligente
[27:10] entonces dijeron Oh Pedro granja se vendió se vendió a noboa en el debate el único que le dio a noboa seriamente fui yo el único que denunció el tema de los generadores fui yo pero eso no me hace que yo le falte el respeto pues o que yo hable de su vida personal o privada Pedro me tengo que ir Lamentablemente su
[27:24] mensaje final a la a la cámara por favor yo soy un abogado que ha defendido niños Víctimas de abuso sexual hace 24 años de modo gratuito por eso me rompieron las costillas en un terrible caso he llevado brigadas médicas y ollas populares a los
[27:38] barrios más pobres del país hace 24 años soy el hijo de una mujer que lavaba ropa ajena para poder darme de comer el solo hecho de que yo haya estado en el debate presidencial ya es un triunfo te represento a ti guardia de seguridad ama de casa jubilado pescador Yo soy el
[27:53] único que realmente se preocupa por tus intereses no soy una bedet soy un tipo muy amargado que pasa todo el día leyendo pero te propongo Te propongo una vida diferente y por eso tienes que votar Pedro granja presidente Muchas gracias Pedro por haber estado aquí
[28:07] realmente me hubiera gustado seguir conversando con usted y a ustedes amigos Gracias por su compañía nos veremos nuevamente en un nuevo episodio de Qué dicen los [Música]
[28:27] candidatos than"
PG3,Pedro Granja,"Salud mental y bienestar, Política criminal, Economía y desarrollo, Educación y reforma docente","Entrevista centrada en los temas de Salud mental y bienestar, Política criminal, Economía y desarrollo, Educación y reforma docente, con propuestas concretas enfocadas en resolver desafíos nacionales.","[00:00] en Así amaneció según analistas una de las voces más destacadas en el más reciente debate presidencial fue la de Pedro granja un abogado y criminólogo de 48 años de edad que está en esta elección en busca de la presidencia de
[00:14] la República auspiciado por el partido socialista ecuatoriano la lista número 17 es precisamente el abogado granja quien está con nosotros aquí en los estudios centrales de radio City bienvenido candidato a nuestros micrófonos Buenos días les agradezco
[00:29] infinitamente por la oportunidad bueno eh nosotros Empezamos el el debate que más que nada me parece a mí como un ping pong de de tiktok no era como tenías 15 segundos para hacer una pregunta 25
[00:42] segundos para responder luego una payasada de de intercambiar noos figuritas para ver cuál salía los leoncitos los tigrecitos a ver si si eran iguales y hacer otra pregunta más de 15 segundos con con el mismo tiempo de respuesta me parece algo un irrespeto
[00:57] al país se reformó el reglamento minutos antes de del evento y me parece que dentro de todo hay quien todavía cree que el set del debate presidencial era el concurso nacional de los insultos y
[01:11] me refiero concretamente a andr González González llegó con una con cero propuestas solamente a gritar borregos ustedes son los del partido de un expresidente condenado por corrupción bueno eso eso es cierto pero ella
[01:26] también es candidata por el partido de Luci Gutiérrez un expresidente procesado y condenado por Pillo Okay luego González dice que es la nueva política fue candidata a prefecta por el mpd fue candidata asambleísta por el partido socialista después luego fue candidata
[01:40] vicepresidenta por el partido de la principal implicada señalada en el reparto de los hospitales y ahora es candidata por el partido de Gutiérrez entonces claro eh Me parece que nosotros respetamos a la gente no ya eh yo fui con una con una propuesta muy clara
[01:54] recuerde usted que hago una una pregunta respecto de la valija diplomática se envió un quintal de coca desde la cancillería ecuatoriana la respuesta de la candidata interpelada fue ya la Dina la dirección nacional antimafia Ya dijo que éramos inocentes No mentira la Dina
[02:08] no tiene jurisdicción para actuar en el Ecuador no fue preso Ninguno de los verdaderos traficantes que mandaron el veneno para allá okay eso es terrible y no se no se contestó Qué medidas preventivas van a usar para evitar que
[02:20] esto se repita luego pregunté concepto de eficacia o sea estamos hablando de eficacia en la gestión del servicio público no contestaron la eficacia es un suac concepto que implica tres cosas talento humano infraestructura y contenidos tecnología tampoco se
[02:35] respondió eso ahora rapidísimo nosotros estamos planteando el primer plan Nacional de Salud Mental Por qué tenemos la más alta tasa de índices de depresión en toda América Latina ya tenemos un país muy triste gente que sufre de
[02:48] ansiedad pelados que se suicidan y que no tienen dinero para pagar una consulta privada y tenemos miles de psicólogos muy capaces que están sin empleo entonces en el primer semestre de mi gobierno 1000 psicólogos entran a prestar eh en el servicios en el plan
[03:02] Nacional de Salud Mental tienen que atender por lo menos ocho personas Al Día estamos hablando de 8,000 consultas gratuitas al día 40,000 a la semana esto es perfectamente posible porque solamente gastamos un millón de dólares invertimos un millón de dólares en esto
[03:15] cuánto se gastan los municipios y prefecturas del correísmo los municipios y prefecturas de otros partidos en Pauta hay que ver no hay hay programas por ejemplo hay una una señora que todo el día me pasa insultando recibe plata del
[03:28] municipio de Guayaquil es la única el único patrocinador que tiene cuando yo le digo señora pero todo el día me insulta solamente a mí Ah eres machista es violencia de género no señora le estoy diciendo que no me insulte le estoy diciendo que está seria ah eh yo
[03:41] creo que acá se gasta muchísima plata en Pauta cuando esa plata va a ser parada En el gobierno de Pedro granja porque irá a comedores populares a niños que mueren hoy en medio de inenarrables dolores con cáncer hay gente que no se
[03:55] puede hacer la diálisis porque nos gastamos la plata en tonterías no estoy prometiendo construir un nuevo país el país ya está construido chicos lo que estoy proponiendo es reordenar las finanzas públicas No no es que no quiero
[04:08] pagar deuda externa no estoy hablando de moratoria porque eso está bien para los 60 para los 70 el viejo comunismo estoy planteando una reperfilar papeles bonos al fondo monetario internacional y a partir del
[04:23] tercer año de mi gobierno Una vez que se mejore la economía empezaremos a pagar deuda pero lo primero ahora es invertir en lo realmente importante que es la vida de los Ecuatorianos abogado granja ya que usted ha llegado hacia las líneas de financiamiento económico eh Nos gustaría tener un poquito más claro
[04:37] Cuáles serían esas fuentes de financiación para los programas que usted propone en su plan de gobierno lening GTI es uno de los mejores periodistas de este país un gran amigo me es una entrevista muy interesante el día lunes en ecuavisa pero luego saca un reportaje diciendo que mi propuesta de
[04:49] los 4000 millones de dólares que deben algunos evasores de impuestos al sri es inviable porque todavía tenemos que hacer juicio y todo lo demás Lenin Se confunde estamos hablando Ya de deuda firme chicos no admite ni recurso administrativo ni judicial solamente hay
[05:03] que cobrarle ya 4,000 millones de dólares okay O sea no no estamos hablando de dos pesetas que tiene que pagar Novoa W topic como pagamos todos los que estamos en esta mesa yo me tomo un café y tengo que pagar impuestos Okay también que paguen ellos en algún
[05:17] momento quieren vivir como en Dubai exigen vivir como en Estados Unidos como en Suecia pero allá los ricos pagan impuestos es lo mínimo que podemos hacer luego tenemos chicos revisen por favor porque ustedes son muy ilustrados ustedes está Están permanentemente ahí
[05:30] en las redes Oye creen que con el insulto con con el quítate tú para ponerme yo con gritar borregos con eso han ganado el debate no son tendencia nacional porque son un meme ya por eso pero están en Twitter de tendencia es porque hay hay grandes troll centers que
[05:44] insultan todo el día a quien Osa poner en peligro sus intereses o de lo contrario porque has dicho alguna tontería alguna payasada proponer por ejemplo de aquí el tren a la luna es burlarse de la gente decir que tenemos 400,000 millones de dólares debajo de la
[05:59] tierra que vamos vamos a romper todo el Ecuador para buscar eso esos recursos Pero no es así yo estoy planteando por ejemplo decirle no a la minería porque chicos mañana tenemos un montón de pepas de oro pero no no las podemos tomar yo
[06:11] necesito agua okay Para poder vivir hay que preservar eso hay que mover el Ministerio del ambiente a cuenca porque allí tenemos la mayor cantidad posible de fuentes de agua para preservarlas en territorio luego tenemos que mover armar el Ministerio de acuacultura para manta
[06:26] porque yo no sé si en Quito habrá habrá muchos pescados no eh Los pescadores de de engabao Los pescadores de salango son permanentemente vacunados señoras señores ya no hay un solo Marino allí la gente ya no quiere salir a pescar yo converso permanentemente con esa gente y
[06:40] he planteado un plan Nacional de política criminal dividido políticas de prevención políticas de disuasión políticas de represión propiamente tales y el plan reintegra Qué es el plan reintegra todos los presos trabajan con excepción de aquellos presos que tienen
[06:54] enfermedades catastróficas no pueden el resto trabaja Recibe un salario de allí paga su comida y sus medicinas el excedente va a una cuenta bancaria de cada detenido cuando recupera la libertad Recibe un monto de dinero para qué para que pueda montar un taller de
[07:07] bicicletas un taller mecánico una panadería un bazar y de esta manera no reincida en el delito Pero esto es histórico miren decía el el candidato araos voy a hacer dos cementerios voy a hacer una voy a hacer 400 cárceles pana
[07:22] lo primero que tienes que hacer es un hospital psiquiátrico y el primer interno tienes que hacer tú decía pero granja tienes miedo tú de salir a la calle porque porque eh Cómo vas a enfrentar a la mafia loco Yo he estado en balaceras de verdad pero no que yo me he formado con con grupos europeos combatiendo la andrang eta y combatiendo
[07:36] la sacre la corona unita lo que pasa es que no tengo medallas porque no me las pongo entre mis amigos ya eso se parece la película Mi excelencia de Cantinflas cuando matan cuatro niños okay cuatro niños en taura por ser pobres y por ser negros Porque si son aniñados pueden
[07:50] estar fumando lo que sea nadie los toca cuando los matan soy el único candidato que no sale como Lia González Ay lloro tienen los mismos nombres de mis sobrinos de mis nietos de mis hijos y con eso qué solucionas yo he dicho como consecuencia de esto se van todos los generales y los coroneles de la policía
[08:04] chicos ese tiene que ser el titular en América Latina ya voy a descabezar a todos los coroneles y generales de la fuerza pública como consecuencia de ese crimen de estado los nuevos sus reemplazos no los voy a elegir con mis mejores amigos no me voy a sentar con la
[08:19] DEA me voy a sentar con los grupos antimafia de schengen para que ellos me digan hemos investigado todo el perfil de este y este me parece que es el menos corrupto de los que están acá ya para ver cómo cambiamos Esto entonces claro
[08:29] eh se dicen dice Vera el correismo pasó los últimos 10 días acusándome de todo decían ah qué malo que es Pedro granja qué pecado tan monstruoso ha cometido porque dijo que no vo inteligente Claro también dije que corre Es inteligente también ha dicho que mwak es inteligente
[08:46] también he dicho que Guillermo lazo Es inteligente y le ped Usted es una amenaza para el cor y le pedía la revocatoria del mandato Mire pero Pero por supuesto Ya est ellos se dan cuenta de que yo estaba subiendo vertiginosamente En las encuestas reales reales en las proyecciones de voto y lo
[09:00] estaba dejando a noboa fuera del segundo lugar pero el correísmo cree que es mucho más fácil enfrentar a noboa que a mí en segunda vuelta en todo caso el correismo va a perder con el que sea con un muñeco de cartón con una rata con un grillo con cualquier cosa que le pó un poste meado por un perro y les gana el
[09:14] correísmo ya es segel abogado granja usted propone reformas potentes estructurales por eso defiende la tesis de la Constituyente entendemos es decir no se pueden hacer cambios profundos sin ir a la raíz del asunto cuando se hace
[09:28] la pregunta Pedro hacer con la función judicial como presidente de la república yo digo nada Qué voy a hacer Ya si el presidente de la república no puede meter la mano en la justicia si no se repite el caso gl viejo si no se repite el caso mariz morora el caso del universo es decir el presidente de la
[09:40] república chicos tiene límites el poder miren no es para perseguir A mis enemigos y favorecer a mis amigos mis límites son los derechos fundamentales la Constitución los convenios internacionales de Derechos Humanos cuando a mí Andrea González me
[09:55] pregunta Ay le vas a dar el el el salvoconducto A glas qué malo que eres mire niña Lo que pasa es que yo doy clases en universidades europeas de derecho Después de haber sido muy pobre yo salí del gueto y a diferencia de Andrés González yo hablo alemán yo hablo italiano porque soy un amargado que todo
[10:10] el día se la pasa encerrado estudiando Entonces yo tengo que someterme no a Correa no a noboa Como ella ahora no a Lucy Gutiérrez yo me voy a someter a un libro que se llama Constitución y a un libro que se llama convenios internacionales de Derechos Humanos Por
[10:24] qué Porque si la norma dice no violes todo el mundo viola la norma dice no mates todo el mundo m mata la norma dice no te metas en la embajada de un país hermano y todo el mundo se mete en la embajada de un país hermano la norma queda vaciada de contenido y vivimos como salvajes yo me tengo que someter a
[10:38] normas internacionales si un país hermano concede un asilo a mi peor enemigo o a mi mejor amigo y como consecuencia de eso solicita un salvoconducto tengo que darlo Por qué Porque la ley dice eso es que yo soy un
[10:51] hombre de derecho el país necesita un estadista hoy digan lo que digan los jóvenes están todo el día con el celular en la mano se cuenta de que el único que fue hablar de ellos fui yo Usted cree que los guardias de seguridad permanentemente explotados van a votar
[11:06] por andr González pero si no dijo nada por ellos ya van a votar por Luisa González pero si Luisa era Era muy triste verla el corazón se le hacía así Cada vez que terminaba de responder así así O sea pero es que no puede gobernar ya después si tú le preguntas a rascal
[11:20] pana Qué es el crimen molecular y cuál es su Rango de incidencia en la gente más pobre en los que ties más pobre de la población Ay no es un concurso de quién sabe más por el contrario señor es un concurso de quién está más capacitado para gobernar el Ecuador porque lo contrario es un reality show Okay no es
[11:34] un concurso de popularidad es un concurso de alguien que les está planteando al país un catálogo de política pública y yo voy a gobernar con gente que ha estudiado hijos de cocineras amigos míos que han estudiado en Francia como consecuencia del freado bancario en Italia en Suecia que me
[11:48] dicen Pedro si tú ganas regresamos al país expertos en política criminal expertos en en manejo de crisis Mire es imposible que que sigamos siendo gobernados por los G por los FR por el uno que lo invita a tirar puñetes en la
[12:02] esquina en el bazar pero que eso tiene que ya pasar la historia ya todos los ataques de de Correa en las últimas horas en mi contra son porque yo les estoy quitando votos a ellos y después me cae encima todo El Troll Center de nooa porque también le estoy quitando
[12:16] votos a él la gente está buscando una tercera vía una alternativa yo voy a estar en segunda vuelta por eso todo aquel que tenga dos neuronas quean conexión vota por Pedro granja abogado granja estamos hablando precisamente con Pedro granja candidato a la por el
[12:29] partido socialista ecuatoriano sobre sus impresiones no solamente en torno a lo que ocurrió en el debate sino también sus propuestas de gobierno en caso de llegar a caron deed cómo va la campaña en territorio siempre los candidatos
[12:43] buscan afincarse regularmente en alguna población donde pueden ser más potentes en su caso estamos hablando de una realidad nacional o busca votos específicos en algún sector yo prácticamente no puedo hacer Campaña en territorio eh recuerde usted que le
[12:56] metieron un balazo a mi candidato asambleísta José Hello eh janin nostros decía que era un autoatentado o sea él se pega el balazo y después le pega tres tiros al papá o sea es que es que no no no sabemos lo que estamos hablando el papá todavía sigue en cuidados
[13:09] intensivos Okay tres tiros al papá y un tiro a mi candidato asambleísta que le rozó el pecho la recomendación para usted ha sido mantenerse al margen del territorio tengo hay un informe de inteligencia exactamente estimado periodista de la inteligencia policial y militar que dicen que el candidato con
[13:24] mayor índice de ser impactado por la mafia soy yo es decir yo tengo una vida terrible mi hija vive en Alemania el servicio secreto alemán está a cargo de su seguridad esto esto tienen que saberlo ustedes las amenazas son ciertas se metieron en la casa de mi papá un
[13:37] anciano de 80 años le revirar todo e le hicieron daño a mi hermano le rompieron las costillas en esa casa en samane s está viviendo hoy la dipro mi equipo de seguridad porque mi hermano no puede vivir allí lo atacaron le rompieron las costillas delante de la mujer y una niña
[13:52] de 6 meses Okay así de terrible es esto entonces eh Mire yo he conversado con algunas embajadas europeas hay cláusulas de confidencialidad en esto pero me dicen Pedro ganas y nos sentamos inmediatamente contigo para financiarte a la Dina ya vamos a meter plata para el
[14:07] fideicomiso Porque queremos parar el envío de cocaína desde los puertos de Guayaquil esmeraldas manta hacia yy tauri hacia rotterdam Okay es decir estamos hablando de un plan de política seria a la gente de Europa la gente de Chen está muy interesada en que yo gane me he sentado a conversar con la
[14:22] embajada norteamericana y yo he dicho al Tacho de la basura el concepto de soberanía nosotros tenemos que luchar contra un gelo internacional global y yo me voy a alejar de dogmas y voy a ser muy práctico voy a luchar junto a la DEA y junto a las principales agencias
[14:36] antimafia europeas para darle duro a choneros tiguerones y todo lo demás Por esa gente me quiere matar ya entonces claro yo no puedo hacer Campaña en territorio pero no obstante eh chicos ustedes están aquí hora y media vayan en gabao hay 17 cooperativas de pescadores Yo hace 24 años me meto allá hacemos
[14:51] siempre ollas populares llevo brigadas médicas todo está pintado Pedro granja todas las callecitas destruidas Porque allá no llega ninguna obra social 17 cooperativas de pescadores tienen diferencias entre ellos pero Todas están con Pedro granja las encuestas de carne y hueso como se dice usted se va a
[15:05] Montes sinai al hospital de Montes sinai se va al hospital del líes y todo es Pedro granja por qué Porque el único abogado que defendió médicos enfermeros sanitarios cuando después de la pandemia muchos murieron y el gobierno de Moreno les prometió nombramiento definitivo yo tuve que montar juicios para que les den
[15:19] el nombramiento definitivo todavía hay más de 40,000 que no tienen nombramiento definitivo yo dicho chicos yo llego a kondel inmediatamente firmo el decreto para convocarlos a concurso de merecimiento porque ustedes merecen estabilidad laboral tener trabajo es un super concepto dicen Ah no Ya te di
[15:32] trabajo no ahí ganas $400 Qué bueno que soy no el trabajo implica tener estabilidad laboral para yo poder endeudarme para tener una casita para comprarme un carro para poder saber dónde van a estudiar mis hijos En qué en qué circunscripción geográfica para poderles comprar un par de zapatitos
[15:46] para la escuela entonces claro eh más del 49 por de nuestros empleados públicos no tienen estabilidad laboral hay profesores universitarios que tienen 5 o 10 años dando clases con contratos ocasionales pero es que ya la relación
[16:00] es de tracto sucesivo merecen recibir nombramiento definitivo con Pedro granja lo van a tener esto no es volar en los cielos estamos hablando repito de una reserva internacional hasta ayer de 6700 millones de dólares tenemos que dejar el
[16:14] 30% para que no se repita el fado bancario para el encaje pero sí podemos traer 1000 millones que nos pertenecen a todos para invertirlos en proyectos de desarrollo educativos sociales ambientales para poder darle a la gente razones para no matarnos entre todos
[16:28] repito soy un amargado no soy un buen candidato porque soy un tipo que prácticamente que no se ríe que no baila en tiktok que no hace payasada no se mete los deo en la nariz pero la propuesta más seria de todas es la nuestra en los poquitos
[16:41] segundos que me dieron en el debate presidencial me siento muy contento eh señoritas señores porque tengo una hija de de 15 años que me rogaba papá por favor no te vayas a salir de Casillas lleva propuestas lleva política política
[16:55] criminal por favor No importa que no seas la bed de de ese show patético pero pero Respeta a la gente por favor y hoy está muy contenta creo que nosotros hemos los hemos respetado a todos ustedes hemos hecho un gran debate hemos ganado el debate para el sector
[17:09] académico para los estudiantes profesores jubilados para Los Pescadores para los campesinos para los guardias de seguridad lo último chicos a los guardias de seguridad las compañías los hacen trabajar 19 años 6 meses y les hacen firmar la renuncia saben para qué
[17:23] Para no pagarle jubilación pero es que es demasiado canay y es demasiado cruel y les repito yo eh No estoy de rodillas ante Rafael Correa ni ante Daniel noboa el correísmo mire quedó sin piso no ese montón de Miserables Ah Pedro granja se vendió a
[17:38] noboa yo fui el único que le dio más duro de todos en el debate ya pero con argumentos ya le sigo dando duro fui el primero que habló del negociado de los generadores porque nos han tenido viviendo en tinieblas mientras los señores hacían grandes negociados con
[17:51] eso el único que lo dice Okay Eh creo que yo Cumplí mi parte okay eh Me estoy jugando la vida en esto luego seguramente tendré que salir del país ya le corresponde a la gente votará por qui por quien desee si quieren
[18:05] payasada voten por los payasos si quieren un un presidente que va a trabajar por ustedes de la matina la acera Bueno entonces es Pedro granja queremos agradecer al abogado Pedro granja candidato a la presidencia de la República por el partido socialista
[18:19] ecuatoriano sus impresiones sus propuestas aquí en los micrófonos de radio City Gracias abogado muchas gracias a ustedes son las 9 de la mañana y 23 minutos i"
